{"cameraMode":{"drawMode":0,"name":"Shaded","section":"Shading Mode"},"sceneLighting":true,"audioPlay":false,"sceneViewState":{"m_AlwaysRefresh":false,"showFog":true,"showSkybox":true,"showFlares":true,"showImageEffects":true,"showParticleSystems":true,"showVisualEffectGraphs":true,"m_FxEnabled":true},"in2DMode":false,"pivot":{"x":560.4309692382813,"y":273.30523681640627,"z":-25.94911766052246},"rotation":{"x":-0.038671135902404788,"y":-0.02248653583228588,"z":-0.000868992181494832,"w":0.9990022778511047},"size":81.39410400390625,"orthographic":false}